Слово,Тип,Частота
не,Лемма,192
не,Токен,192
после,Лемма,131
после,Токен,131
страница,Лемма,100
обновление,Лемма,90
настройка,Лемма,90
обновления,Токен,90
списать,Лемма,75
списали,Токен,75
телефон,Лемма,72
телефон,Токен,72
цена,Лемма,69
номер,Лемма,69
цена,Токен,69
номер,Токен,69
дата,Лемма,68
дата,Токен,68
сумма,Лемма,66
сумма,Токен,66
url,Лемма,64
оформить,Лемма,64
url,Токен,64
оформлено,Токен,64
страница,Токен,59
стоимость,Лемма,58
стоимость,Токен,58
звонить,Лемма,54
звонить,Токен,54
ответить,Лемма,53
ответьте,Токен,53
смотреть,Лемма,52
мочь,Лемма,52
восстановить,Лемма,52
пароль,Лемма,52
код,Лемма,52
подтверждение,Лемма,52
приходить,Лемма,52
смотрите,Токен,52
могу,Токен,52
восстановить,Токен,52
пароль,Токен,52
код,Токен,52
подтверждения,Токен,52
приходит,Токен,52
api,Лемма,49
возвращать,Лемма,49
ошибка,Лемма,49
токен,Лемма,49
действовать,Лемма,49
ссылка,Лемма,49
нужный,Лемма,49
инструкция,Лемма,49
двухфакторный,Лемма,49
аутентификация,Лемма,49
api,Токен,49
возвращает,Токен,49
ошибку,Токен,49
токен,Токен,49
действующий,Токен,49
ссылка,Токен,49
нужна,Токен,49
инструкция,Токен,49
настройке,Токен,49
двухфакторной,Токен,49
аутентификации,Токен,49
сайт,Лемма,47
показывать,Лемма,47
белый,Лемма,47
экран,Лемма,47
браузер,Лемма,47
сайт,Токен,47
показывает,Токен,47
белый,Токен,47
экран,Токен,47
браузере,Токен,47
email,Лемма,45
тариф,Лемма,45
пройти,Лемма,45
функция,Лемма,45
pro,Лемма,45
активироваться,Лемма,45
тело,Лемма,45
email,Токен,45
тарифа,Токен,45
прошла,Токен,45
функции,Токен,45
pro,Токен,45
активировались,Токен,45
тел,Токен,45
оплата,Лемма,44
оплата,Токен,44
работать,Лемма,43
загрузка,Лемма,43
документ,Лемма,43
формат,Лемма,43
pdf,Лемма,43
вылетать,Лемма,43
запуск,Лемма,43
работает,Токен,43
загрузка,Токен,43
документа,Токен,43
формата,Токен,43
pdf,Токен,43
вылетает,Токен,43
запуске,Токен,43
mail,Лемма,42
mail,Токен,42
вход,Лемма,41
постоянно,Лемма,41
выбрасывать,Лемма,41
пропасть,Лемма,41
сохранить,Лемма,41
аккаунт,Лемма,41
входа,Токен,41
постоянно,Токен,41
выбрасывает,Токен,41
страницу,Токен,41
пропали,Токен,41
сохранённые,Токен,41
настройки,Токен,41
аккаунта,Токен,41
авторизация,Лемма,40
сервис,Лемма,40
медленно,Лемма,40
загружать,Лемма,40
файл,Лемма,40
почта,Лемма,40
приложение,Лемма,40
авторизации,Токен,40
сервис,Токен,40
медленно,Токен,40
загружает,Токен,40
файлы,Токен,40
почта,Токен,40
приложение,Токен,40
сегодня,Лемма,37
сегодня,Токен,37
user,Лемма,27
user,Токен,27
student,Лемма,23
student,Токен,23
севодень,Лемма,3
приложеный,Лемма,3
севодня,Токен,3
приложенее,Токен,3
оплт,Лемма,1
автаризация,Лемма,1
оплта,Токен,1
автаризации,Токен,1
