message_id,channel,created_at,message
1,mobile_app,2026-09-16 19:12:00,"Покупатель перевёл деньги, но в приложении платёж не отображается. ответьте на: TEST.USER@mail.ru / списали: 5 995 РУБ. / нужно на 01.01.2027 / звонить: +7 (925) 438-88-22 / Ссылка: https://service-list.ru/item/1"
2,chat,2026-09-11 16:38:00,МНЕ пришло подозрительное сообщение со ссылкой НА оплату. тел: +7 (902) 287-74-66 / цена: 881 рублей / с 08-07-26
3,mobile_app,2026-08-28 04:30:00,Хочу  удалить  СТАРОЕ объявление но кнопка удаления не работает. цена: 1 330 руб. | вот страница https://service-list.ru/item/3 | нужно на 02/10/2026
4,web,2026-08-23 04:28:00,"Покупатель  просит  перейти  в мессенджер, это БЕЗОПАСНО??? ВОТ страница HTTP://ADS-DEMO.RU/ORDER??ID=1004 | нужно на 22.05.2026"
5,web,2026-08-24 21:10:00,⚠️ Мне  пришло  подозрительное  сообщение со ссылкой на оплату. тел: 89588235589 / почта: TEST.USER@gmail.com
6,chat,2026-08-22 03:31:00,Хочу  удалить  старое  объявление Но кнопка удаления не работает. дата 28-02-27 | ЗВОНИТЬ: +7-993-569-26-95 | СМОТРИТЕ http://service-list.ru/order????id=1006
7,mobile_app,2026-09-13 12:12:00,Как  поднять  ОБЪЯВЛЕНИЕ  В  ПОИСКЕ и сколько это стоит? цена: 589 ₽ | телефон: 89682881532 | ответьте на: m.smirnova@inbox.ru | оформлено 07-04-26
8,social,2026-08-26 16:06:00,Хочу  удалить  старое  объявление но КНОПКА удаления не Работает. цена: 13012 RUB / почта: user_650@yandex.ru
9,social,2026-09-06 06:39:00,Как поднять объявление в поиске и сколько это стоит? дата 04/08/2026; Ссылка: https://www.service-list.ru/support/9?from=mail
10,web,2026-08-23 18:02:00,Как ПОДНЯТЬ объявление в поиске и сколько это стоит? оформлено 2026-12-23; стоимость: 199940р
11,email,2026-08-21 03:08:00,"Покупатель  просит  перейти  в мессенджер, это безопасно? тел: +7-961-445-90-62 | сумма: 813 рублей | с 2026-05-04"
12,mobile_app,2026-08-25 03:39:00,"Профиль продавца внезапно заблокирован, прошу проверить. стоимость: 895 ₽   смотрите https://www.board-example.ru/support/12?????from=mail ..."
13,web,2026-08-23 11:12:00,Мне пришло подозрительное сообщение СО ссылкой на оплату. ССЫЛКА: https://service-list.ru/item/13 | С 08/05/2026 | списали: 536 RUB
14,chat,2026-09-07 11:41:00,"Объявление  ЗАБЛОКИРОВАЛИ, хотя я ничего запрещённого не публиковал. URL= www.board-example.ru/page/14 / email: user_3017@gmail.com / дата 2026-09-24"
15,chat,2026-09-03 03:36:00,"Профиль  продавца  внезапно  заблокирован,  прошу проверить. оформлено 28-03-26"
16,mobile_app,2026-09-02 23:22:00,"Профиль продавца внезапно заблокирован, прошу проверить. оформлено 15/08/2026"
17,web,2026-09-13 02:00:00,Мне  пришло  подозрительное сообщение со ссылкой на оплату. тел: +7 (925) 915-87-49   сумма: 2 511 рублей
18,mobile_app,2026-09-05 08:32:00,"📌 Покупатель перевёл деньги, но в приложении платёж не отображается. телефон: +7 (916) 363-54-98"
19,chat,2026-09-09 18:38:00,Как поднять Объявление в поиске и сколько это стоит? стоимость: 832 руб.   с 12-08-26
20,email,2026-09-11 22:21:00,Не  загружаются  фотографии  товара в объявление. с 28.11.2026 | стоимость: 1 358 руб.
21,mobile_app,2026-09-14 19:52:00,"🙂 Профиль  продавца  внезапно заблокирован, прошу проверить. нужно на 03/07/2026; Ссылка: http://ads-demo.ru/order?id=1021"
22,chat,2026-08-23 05:40:00,"Профиль продавца внезапно заблокирован, прошу проверить. телефон: 89831976745; нужно на 30-03-26"
23,social,2026-08-28 13:57:00,"Покупатель  перевёл  деньги,  но  в Приложении платёж не отображается. URL= http://board-example.ru/order?id=1023; сумма: 46067р !!!"
24,web,2026-09-05 11:11:00,"Покупатель  перевёл  Деньги, но в приложении платёж не Отображается. СПИСАЛИ: 837 рублей"
25,mobile_app,2026-08-31 11:00:00,Мне пришло подозрительное сообщение со ссылкой на оплату. цена: 199 948 руб.   вот страница www.ads-demo.ru/page/25   телефон: 8 990 736 10 71
26,chat,2026-09-12 21:35:00,Как поднять объявление в ПОИСКЕ и сколько это стоит????? дата 15/12/2026 | URL= http://board-example.ru/order?id=1026 | ответьте На: help.me@mail.ru ???
27,social,2026-09-05 19:10:00,"📌 Профиль  ПРОДАВЦА  внезапно  ЗАБЛОКИРОВАН, прошу проверить. вот страница https://www.ads-demo.ru/support/27???from=mail   оформлено 06.07.2026   Мой номер: +7 (913) 171-23-63   списали: 13 044 руб."
28,social,2026-08-24 02:07:00,Мне пришло подозрительное сообщение со ссылкой на оплату. URL= https://service-list.ru/item/28   МОЙ номер: +7-985-683-94-57
29,mobile_app,2026-08-25 08:06:00,Не  могу  Изменить  цену в опубликованном объявлении. тел: +7 (967) 941-40-90
30,mobile_app,2026-09-11 17:10:00,"Объявление Заблокировали, Хотя Я ничего ЗАПРЕЩЁННОГО не публиковал. URL= https://service-list.ru/item/30 | ТЕЛЕФОН: 8 967 453 14 27"
31,mobile_app,2026-09-05 09:16:00,Не  могу  ИЗМЕНИТЬ  цену  в опубликованном объявлении. Сумма: 2 531 ₽ / дата 20/01/2027
32,mobile_app,2026-09-04 23:24:00,🙂 Как поднять объявление в поиске и сколько это стоит???? мой номер: +7-958-774-57-79   ОТВЕТЬТЕ на: help.me@yandex.ru
33,email,2026-09-08 20:18:00,Не могу изменить цену в опубликованном объявлении. мой номер: +7 982 193 4622; списали: 13076р; вот страница www.ads-demo.ru/page/33
34,web,2026-09-10 04:12:00,"Профиль  продавца  внезапно заблокирован, Прошу проверить. нужно на 06/05/2026   стоимость: 13076р   тел: +7 950 631 8569   ПОЧТА: student2026@inbox.ru"
35,social,2026-09-12 17:56:00,Не загружаются фотографии товара в ОБЪЯВЛЕНИЕ. мой номер: 8 932 866 90 44
36,email,2026-09-06 03:40:00,🔥 Хочу  удалить  старое  ОБЪЯВЛЕНИЕ  но кнопка удаления не работает. ответьте на: m.smirnova@gmail.com; нужно на 18/10/2026; цена: 199925 RUB; звонить: +7 987 762 6081
37,social,2026-08-21 09:22:00,Не загружаются ФОТОГРАФИИ товара в объявление. мой НОМЕР: +7 (980) 810-46-31 / смотрите www.board-example.ru/page/37
38,mobile_app,2026-08-24 01:46:00,Хочу удалить старое объявление но КНОПКА Удаления НЕ работает. телефон: +7 (973) 876-29-82 / смотрите www.ads-demo.ru/page/38 / НУЖНО на 09/09/2026 ***
39,social,2026-09-11 04:28:00,"Объявление заблокировали, хотя я ничего ЗАПРЕЩЁННОГО не публиковал. цена: 6 021 Рублей; смотрите www.ads-demo.ru/page/39; e-mail: ivan.petrov@yandex.ru; оформлено 2026-09-22"
40,social,2026-09-02 14:07:00,Можно Изменить город в уже опубликованном объявлении???? с 04/04/2026   почта: TEST.USER@mail.ru   тел: 8 953 362 85 10   списали: 124536р
41,chat,2026-09-06 13:37:00,💸 Можно изменить ГОРОД В уже опубликованном объявлении? e-mail: help.me@inbox.ru / мой номер: 89609399453 / нужно на 24/03/2026 / URL= http://service-list.ru/order?id=1041
42,web,2026-09-09 18:27:00,Хочу удалить старое объявление но кнопка удаления Не работает. цена: 199987 RUB | оформлено 05-01-27 | URL= https://ads-demo.ru/item/42
43,mobile_app,2026-09-12 17:11:00,Можно изменить город в уже опубликованном объявлении? оформлено 25.02.2027
44,chat,2026-08-23 14:54:00,"Профиль  продавца внезапно заблокирован, прошу проверить. с 21-03-26 | цена: 13006р"
45,chat,2026-09-10 15:23:00,Не могу изменить цену в опубликованном объявлении. ССЫЛКА: http://board-example.ru/order?id=1045 / списали: 90040Р / мой номер: +7-951-465-74-40 ###
46,web,2026-08-30 19:29:00,"Покупатель перевёл деньги, но в приложении платёж не отображается. С 2026-05-05 / URL= www.service-list.ru/page/46 / списали: 124 547 РУБ."
47,mobile_app,2026-09-15 02:57:00,"Покупатель перевёл деньги, Но В ПРИЛОЖЕНИИ платёж не отображается. Ссылка: http://service-list.ru/order????id=1047 ***"
48,chat,2026-08-23 02:23:00,Хочу  удалить  старое  объявление  но кнопка удаления не работает. цена: 13068 RUB / звонить: +7 968 627 8244 / URL= HTTPS://WWW.ADS-DEMO.RU/SUPPORT/48??FROM=MAIL
49,email,2026-09-10 19:13:00,Хочу удалить старое объявление но кнопка удаления не Работает. Ссылка: www.ads-demo.ru/page/49; СУММА: 199902 RUB
50,web,2026-08-27 17:22:00,Мне  пришло  Подозрительное сообщение со ссылкой НА оплату. email: student2026@gmail.com; мой номер: +7-929-980-55-99; стоимость: 573р; URL= https://www.board-example.ru/support/50????from=mail; с 2026-12-14 !!!
51,email,2026-08-25 02:35:00,Не могу изменить цену в опубликованном объявлении. с 25/12/2026   Ссылка: http://board-example.ru/order?id=1051
52,mobile_app,2026-08-26 00:40:00,Не  ЗАГРУЖАЮТСЯ  фотографии  товара  в объявление. звонить: 89517177242 / стоимость: 799 RUB / почта: m.smirnova@gmail.com
53,chat,2026-08-26 03:06:00,Можно  изменить  город в Уже опубликованном объявлении? ВОТ страница HTTPS://ADS-DEMO.RU/ITEM/53 / Оформлено 10-02-27
54,social,2026-08-20 12:40:00,"Профиль продавца внезапно заблокирован, Прошу проверить. email: help.me@inbox.ru | списали: 2520р | оформлено 10/07/2026 | смотрите https://www.service-list.ru/support/54?from=mail"
55,social,2026-08-27 01:29:00,Не загружаются фотографии товара в объявление. Ссылка: https://ads-demo.ru/item/55
56,web,2026-09-16 13:21:00,Хочу  удалить  старое  ОБЪЯВЛЕНИЕ  но кнопка удаления не работает. нужно НА 09-10-26
57,email,2026-09-02 08:14:00,Можно изменить город в уже опубликованном объявлении?? тел: +7-967-100-50-66; email: student2026@mail.ru ###
58,web,2026-09-12 07:10:00,🔥 Мне пришло подозрительное сообщение со ссылкой на оплату. нужно На 05-07-26 | стоимость: 1 384 рублей | смотрите www.board-example.ru/page/58
59,web,2026-09-07 08:38:00,"💸 ОБЪЯВЛЕНИЕ заблокировали, хотя я ничего запрещённого не публиковал. цена: 2 554 ₽ | звонить: +7 988 329 2321"
60,chat,2026-09-16 14:49:00,Мне  пришло  подозрительное сообщение со ССЫЛКОЙ на оплату. мой НОМЕР: +7 990 708 3523; ответьте на: user_2524@yandex.ru; сумма: 199934Р ...
61,email,2026-08-27 11:13:00,Как  поднять  объявление  в  поиске и сколько это СТОИТ? дата 24.12.2026; Почта: student2026@yandex.ru; телефон: +7 (986) 141-96-70
62,chat,2026-09-12 17:20:00,"Профиль  продавца внезапно заблокирован, прошу проверить. email: ivan.petrov@gmail.com / Ссылка: www.board-example.ru/page/62 / с 22-11-26 / телефон: +7-990-106-76-53 / стоимость: 1 348 ₽"
63,chat,2026-09-07 19:15:00,Мне пришло подозрительное сообщение со ссылкой на оплату. оформлено 27/10/2026 | Цена: 199 938 ₽ ???
64,social,2026-08-30 16:35:00,Не Загружаются фотографии товара в объявление. стоимость: 507 руб.   почта: student2026@mail.ru   дата 23-10-26 !!!
65,mobile_app,2026-09-06 01:09:00,Хочу удалить Старое объявление но кнопка удаления не работает. мой НОМЕР: +7 (903) 470-11-72; ответьте на: ivan.petrov@mail.ru; списали: 2 582 ₽
66,mobile_app,2026-08-25 14:50:00,Мне пришло подозрительное сообщение со ссылкой на оплату. дата 14-03-26 / ответьте на: user_9728@yandex.ru
67,chat,2026-09-16 11:56:00,Как поднять объявление в поиске и сколько это стоит??? списали: 517р / мой номер: 8 918 575 31 37 / почта: help.me@mail.ru
68,mobile_app,2026-09-09 00:35:00,"ПОКУПАТЕЛЬ просит перейти в мессенджер, Это Безопасно?? оформлено 05.09.2026"
69,chat,2026-08-25 15:02:00,💸 Хочу  удалить  старое  объявление  но кнопка удаления не работает. сумма: 13 021 рублей   с 27/08/2026
70,social,2026-09-04 09:55:00,📌 Хочу  удалить  старое Объявление но кнопка удаления не работает. списали: 124 514 Руб. | ВОТ страница http://board-example.ru/order?????id=1070 | звонить: 8 925 473 33 26
71,web,2026-08-24 09:24:00,Не загружаются фотографии товара в объявление. смотрите https://service-list.ru/item/71 | сумма: 124570р | ответьте на: user_7151@yandex.ru
72,social,2026-08-31 05:56:00,"Профиль Продавца внезапно заблокирован, прошу проверить. сумма: 13 084 руб. | с 12.04.2026 | тел: +7 964 312 1817"
73,chat,2026-09-14 13:48:00,Хочу УДАЛИТЬ старое объявление но кнопка удаления не работает. с 2026-04-28 ...
74,web,2026-09-06 08:41:00,Можно  изменить  город  в  уже опубликованном ОБЪЯВЛЕНИИ? звонить: 89477525122; Ссылка: https://www.service-list.ru/support/74?from=mail
75,mobile_app,2026-09-06 18:25:00,🙂 Как  поднять  объявление  в  поиске и сколько это стоит?? тел: 89942612527   смотрите www.board-example.ru/page/75   почта: ivan.petrov@mail.ru
76,email,2026-08-26 22:14:00,Хочу удалить старое объявление но кнопка УДАЛЕНИЯ не работает. URL= http://service-list.ru/order?id=1076   списали: 6 068 руб.   оформлено 25-08-26   email: student2026@yandex.ru
77,email,2026-09-15 21:37:00,Не загружаются фотографии товара в объявление. цена: 199971р; e-mail: student2026@gmail.com; ОФОРМЛЕНО 2026-05-11 ???
78,web,2026-09-09 20:06:00,"💸 Профиль ПРОДАВЦА внезапно заблокирован, прошу проверить. цена: 860 рублей   оформлено 04/08/2026   смотрите www.service-list.ru/page/78   почта: help.me@mail.ru   МОЙ номер: 8 959 716 30 87"
79,email,2026-09-13 14:46:00,"🙂 Профиль продавца Внезапно заблокирован, Прошу проверить. вот страница https://board-example.ru/item/79 | с 23/11/2026 ???"
80,chat,2026-08-30 00:03:00,Не  загружаются  фотографии  товара в объявление. почта: student2026@mail.ru   нужно на 2026-07-06   звонить: +7-901-169-64-77 ***
81,email,2026-08-20 22:33:00,Не загружаются фотографии товара в ОБЪЯВЛЕНИЕ. ЗВОНИТЬ: +7-990-865-43-75   сумма: 2542 RUB   оформлено 17.07.2026
82,chat,2026-09-07 12:11:00,"Покупатель ПРОСИТ перейти в Мессенджер, это БЕЗОПАСНО? списали: 6 019 руб.   дата 21.10.2026   телефон: 89359512077   email: m.smirnova@mail.ru"
83,web,2026-08-27 22:57:00,Хочу удалить старое объявление но КНОПКА удаления не работает. стоимость: 2 541 ₽
84,chat,2026-09-14 13:44:00,🙂 Как поднять объявление в поиске и сколько это стоит??? звонить: +7 963 381 5016   URL= http://service-list.ru/order????id=1084   сумма: 516 рублей
85,chat,2026-09-12 08:26:00,"⚠️ Профиль продавца внезапно заблокирован, прошу ПРОВЕРИТЬ. телефон: +7-964-410-56-35 / СПИСАЛИ: 46073р / смотрите https://www.service-list.ru/support/85?from=mail"
86,email,2026-08-31 23:34:00,Не  могу  изменить  цену  в опубликованном объявлении. ответьте на: ivan.petrov@inbox.ru   дата 07.01.2027   URL= www.board-example.ru/page/86
87,web,2026-08-28 17:31:00,📌 КАК  ПОДНЯТЬ  объявление  в поиске и сколько это стоит?? звонить: 89518808853; С 02.12.2026
88,social,2026-09-08 08:17:00,"Объявление  ЗАБЛОКИРОВАЛИ,  Хотя  я  ничего запрещённого не публиковал. сумма: 46 063 рублей   ответьте на: TEST.USER@inbox.ru   дата 26.10.2026 ***"
89,web,2026-09-07 13:39:00,"Объявление заблокировали, хотя я ничего запрещённого не публиковал. ответьте на: ivan.petrov@mail.ru | нужно на 20.05.2026 | списали: 1352р"
90,email,2026-08-29 18:41:00,Не загружаются фотографии товара в объявление. нужно На 28.11.2026   вот СТРАНИЦА www.service-list.ru/page/90
91,email,2026-08-20 14:21:00,"Покупатель  просит  перейти  в мессенджер, это безопасно? звонить: +7-962-208-76-28   URL= https://www.ads-demo.ru/support/91?from=mail   списали: 529 ₽"
92,email,2026-08-26 12:29:00,Не загружаются фотографии товара в объявление. списали: 1 299 ₽; смотрите http://service-list.ru/order??id=1092
93,social,2026-09-04 05:19:00,📌 Не загружаются фотографии товара В объявление. ответьте на: TEST.USER@YANDEX.RU; стоимость: 124 555 ₽
94,mobile_app,2026-08-21 00:35:00,"Покупатель просит перейти в мессенджер, это Безопасно? смотрите https://board-example.ru/item/94 | телефон: 89298854568 | оформлено 14/08/2026"
95,mobile_app,2026-09-10 11:48:00,"Объявление заблокировали, хотя я ничего запрещённого не публиковал. сумма: 6 001 руб.; с 12/02/2027; Вот страница WWW.BOARD-EXAMPLE.RU/PAGE/95"
96,social,2026-09-12 16:30:00,"Покупатель  перевёл  деньги,  но  В приложении Платёж не отображается. стоимость: 1 316 рублей   e-mail: ivan.petrov@yandex.ru"
97,social,2026-09-06 12:51:00,"Профиль продавца внезапно заблокирован, Прошу ПРОВЕРИТЬ. почта: student2026@inbox.ru | Сумма: 875 руб. | тел: +7 979 619 9211 | нужно на 19.02.2027 | смотрите https://www.board-example.ru/support/97???from=mail"
98,web,2026-09-03 03:29:00,🔥 Хочу  удалить  СТАРОЕ  объявление но кнопка удаления не работает.
99,social,2026-08-29 20:56:00,Не могу изменить цену в опубликованном объявлении. URL= http://board-example.ru/order?id=1099
100,email,2026-08-24 00:33:00,"Покупатель ПЕРЕВЁЛ деньги, но в приложении платёж не отображается. смотрите http://ads-demo.ru/order????id=1100   С 22/10/2026   сумма: 199 994 руб.   почта: m.smirnova@mail.ru"
101,social,2026-08-28 05:50:00,"💸 Профиль  продавца внезапно заблокирован, прошу проверить. СМОТРИТЕ HTTPS://ADS-DEMO.RU/ITEM/101   с 17.03.2026   мой номер: +7 926 650 5824   E-MAIL: ivan.petrov@yandex.ru"
102,email,2026-09-08 22:06:00,⚠️ Не загружаются ФОТОГРАФИИ товара в объявление. нужно на 18/05/2026 | URL= www.board-example.ru/page/102 | списали: 803 Руб.
103,web,2026-09-10 23:01:00,Не загружаются фотографии товара В объявление. EMAIL: TEST.USER@inbox.ru   стоимость: 124 559 рублей   тел: 8 986 629 15 44
104,web,2026-09-08 09:25:00,🔥 Не загружаются Фотографии товара в объявление. Ссылка: https://ads-demo.ru/item/104; звонить: +7-906-141-30-75; с 23.09.2026
105,social,2026-08-20 22:10:00,"Покупатель  просит  перейти  в мессенджер, это безопасно? URL= www.service-list.ru/page/105 | списали: 2 574 рублей | e-mail: TEST.USER@inbox.ru ###"
106,social,2026-09-04 22:45:00,🙂 ХОЧУ УДАЛИТЬ старое объявление но кнопка удаления не работает. списали: 124553 RUB; смотрите https://board-example.ru/item/106; мой номер: +7-918-912-19-28 ...
107,social,2026-08-24 11:12:00,Мне  пришло  подозрительное сообщение со ссылкой на оплату. дата 18/10/2026 / тел: +7 987 516 6796 / URL= www.board-example.ru/page/107
108,mobile_app,2026-09-09 01:37:00,⚠️ Не  могу изменить цену в опубликованном объявлении. почта: user_1190@mail.ru   дата 21-08-26
109,mobile_app,2026-08-30 17:55:00,Как поднять объявление В поиске и сколько это стоит? вот страница https://www.ads-demo.ru/support/109?from=mail | сумма: 46024р | почта: student2026@yandex.ru
110,social,2026-08-20 08:34:00,⚠️ Не  могу  ИЗМЕНИТЬ  цену  в Опубликованном объявлении. Ссылка: https://www.service-list.ru/support/110????from=mail / почта: user_2537@yandex.ru / С 27-07-26 / звонить: 89666465932
111,web,2026-08-30 20:51:00,Не  могу  изменить  цену в ОПУБЛИКОВАННОМ объявлении. цена: 199 961 рублей; email: Test.user@mail.ru; Тел: +7-956-603-60-85
112,chat,2026-08-22 19:17:00,"Покупатель перевёл деньги, но в приложении платёж НЕ отображается. сумма: 1355р   оформлено 23/02/2027"
113,social,2026-09-01 18:45:00,💸 Не  могу  изменить цену в опубликованном объявлении. ответьте на: student2026@yandex.ru / ССЫЛКА: Https://www.ads-demo.ru/support/113????from=mail / телефон: 89672075783 / сумма: 46 059 руб.
114,chat,2026-09-03 01:42:00,"Покупатель  перевёл  деньги,  НО  в приложении ПЛАТЁЖ не отображается. дата 22/04/2026   стоимость: 6005р   звонить: +7 975 687 7579"
115,email,2026-09-15 14:35:00,"Профиль  продавца  внезапно  заблокирован,  прошу проверить. E-MAIL: TEST.USER@yandex.ru | мой номер: +7-983-712-70-17 | списали: 6 007 рублей ???"
116,mobile_app,2026-09-10 05:18:00,Можно Изменить город в уже опубликованном объявлении??? звонить: +7 (990) 675-72-23 | ЦЕНА: 13067 RUB
117,social,2026-09-01 14:41:00,Как поднять объявление в поиске и Сколько это стоит? стоимость: 199 973 ₽; Ссылка: www.service-list.ru/page/117
118,email,2026-09-16 16:45:00,Как поднять объявление в поиске и СКОЛЬКО это стоит? звонить: +7 923 297 7716   сумма: 578 RUB   e-mail: IVAN.PETROV@YANDEX.RU
119,email,2026-09-07 19:41:00,Хочу удалить старое объявление но кнопка удаления не работает. МОЙ номер: 8 911 398 70 54 / URL= http://service-list.ru/order?id=1119 / стоимость: 13 001 рублей / ответьте НА: student2026@inbox.ru
120,chat,2026-09-07 11:37:00,Можно изменить город в уже опубликованном объявлении? СПИСАЛИ: 124 583 руб. | нужно на 2026-12-05 | телефон: +7 970 805 8126
121,mobile_app,2026-09-08 10:01:00,Хочу  удалить старое объявление но кнопка удаления не работает. звонить: +7-975-866-92-62; Стоимость: 6 082 рублей; оформлено 02-11-26
122,social,2026-08-26 10:53:00,⚠️ Мне пришло подозрительное сообщение со ссылкой на ОПЛАТУ. цена: 124 545 РУБЛЕЙ
123,social,2026-09-06 17:21:00,😡 Хочу УДАЛИТЬ старое объявление но КНОПКА удаления не работает. Стоимость: 2 535 рублей | С 29-09-26 | Ссылка: http://board-example.ru/order??id=1123
124,chat,2026-09-11 20:46:00,Не могу ИЗМЕНИТЬ цену В опубликованном ОБЪЯВЛЕНИИ. ответьте на: m.smirnova@gmail.com | вот страница https://www.service-list.ru/support/124?from=mail | МОЙ номер: 8 953 515 63 52
125,mobile_app,2026-09-15 14:44:00,🙂 Не  могу  изменить цену В опубликованном объявлении. с 14/06/2026; стоимость: 551р; email: m.smirnova@gmail.com
126,web,2026-08-31 22:02:00,Можно изменить ГОРОД в уже опубликованном объявлении?? ВОТ страница https://www.service-list.ru/support/126?from=mail / списали: 13087р ***
127,social,2026-09-06 04:19:00,Как  поднять  объявление в поиске и сколько Это стоит?? e-mail: user_3796@mail.ru   вот страница http://ads-demo.ru/order?id=1127   мой номер: +7 967 304 6280   цена: 510р !!!
128,social,2026-09-16 18:17:00,🙂 Не загружаются фотографии товара в объявление. Ссылка: www.ads-demo.ru/page/128 / сумма: 124 555 рублей / e-mail: help.me@yandex.ru / нужно на 22.05.2026 / мой номер: +7 912 337 7482
129,web,2026-09-14 19:59:00,"Объявление заблокировали, хотя я НИЧЕГО запрещённого не публиковал. нужно на 2027-01-04 | email: User_9828@yandex.ru"
130,mobile_app,2026-09-05 05:57:00,"Покупатель  перевёл  Деньги, НО в приложении ПЛАТЁЖ не отображается. звонить: 89835829775   URL= https://service-list.ru/item/130   оформлено 2026-07-12   списали: 13004 RUB"
131,mobile_app,2026-08-27 16:25:00,🔥 Хочу  удалить  старое  объявление  но кнопка удаления не работает. Ссылка: http://board-example.ru/order?id=1131   ДАТА 2026-07-02
132,email,2026-09-09 00:53:00,Не могу изменить цену в опубликованном объявлении. смотрите https://www.service-list.ru/support/132?from=mail | мой номер: 8 907 662 78 37 | сумма: 6051р
133,social,2026-08-20 12:44:00,Можно изменить город в уже опубликованном объявлении??? сумма: 199 934 РУБ.; ответьте на: student2026@yandex.ru
134,mobile_app,2026-09-07 16:39:00,"Профиль Продавца внезапно заблокирован, прошу ПРОВЕРИТЬ. телефон: 8 924 988 34 73 | Ссылка: http://service-list.ru/order?id=1134 | email: ivan.petrov@mail.ru | дата 2026-11-30"
135,web,2026-09-05 05:09:00,"ПОКУПАТЕЛЬ  перевёл деньги, НО в приложении платёж не отображается. ДАТА 2026-10-06 / тел: 8 988 203 35 42"
136,web,2026-08-26 16:29:00,МНЕ  пришло  подозрительное сообщение со ссылкой на оплату. оформлено 14/03/2026
137,social,2026-09-04 23:29:00,"🙂 Покупатель перевёл ДЕНЬГИ, но в приложении платёж Не Отображается. стоимость: 90068 RUB / вот страница https://service-list.ru/item/137 / Звонить: 8 983 143 79 73 / e-mail: ivan.petrov@yandex.ru"
138,email,2026-09-16 11:30:00,Не  загружаются  фотографии  товара  в объявление. цена: 2 544 рублей / Ссылка: Http://board-example.ru/order?id=1138 ***
139,social,2026-09-08 05:27:00,Можно изменить город в уже опубликованном объявлении????? email: user_284@inbox.ru / мой номер: +7-909-758-61-30 / дата 16.05.2026 / стоимость: 199 911 ₽
140,chat,2026-09-06 00:50:00,Не могу изменить ЦЕНУ в опубликованном объявлении. списали: 2529 RUB
141,chat,2026-09-09 21:06:00,😡 Как  поднять объявление в поиске и Сколько это стоит?? сумма: 46 033 рублей   вот страница www.ads-demo.ru/page/141   ответьте на: IVAN.PETROV@YANDEX.RU   дата 28-12-26
142,email,2026-09-16 20:20:00,🙂 Хочу удалить Старое объявление но кнопка удаления не Работает. телефон: 89136858898 / смотрите https://ads-demo.ru/item/142 / ответьте на: ivan.petrov@gmail.com !!!
143,mobile_app,2026-08-27 06:39:00,Не могу Изменить цену в ОПУБЛИКОВАННОМ ОБЪЯВЛЕНИИ. оформлено 03.05.2026
144,chat,2026-09-06 12:44:00,Не могу ИЗМЕНИТЬ цену в опубликованном объявлении. мой номер: 89514031513   почта: student2026@yandex.ru   СТОИМОСТЬ: 90 051 ₽   смотрите https://ads-demo.ru/item/144
145,mobile_app,2026-09-04 15:58:00,Мне пришло подозрительное сообщение со ссылкой на оплату. смотрите https://www.service-list.ru/support/145?from=mail
146,mobile_app,2026-09-04 02:17:00,"Покупатель просит перейти в мессенджер, Это безопасно? вот СТРАНИЦА http://board-example.ru/order?id=1146 / нужно НА 18.03.2026"
147,chat,2026-09-13 18:57:00,Можно  изменить  город  в уже ОПУБЛИКОВАННОМ объявлении???? ответьте на: help.me@mail.ru
148,social,2026-08-20 16:56:00,"Профиль продавца внезапно заблокирован, прошу Проверить. оформлено 2026-03-30   сумма: 13058р"
149,web,2026-09-12 04:06:00,"Объявление заблокировали, хотя я ничего запрещённого не публиковал. дата 15.11.2026 ???"
150,mobile_app,2026-08-26 18:33:00,"Профиль ПРОДАВЦА внезапно заблокирован, прошу Проверить. сумма: 1 322 рублей"
151,chat,2026-09-03 13:12:00,Можно изменить город в уже опубликованном объявлении? звонить: +7 (993) 324-47-68 / нужно на 13.01.2027
152,social,2026-09-13 16:17:00,Как поднять объявление в поиске И сколько это стоит? вот страница https://service-list.ru/item/152; e-mail: m.smirnova@yandex.ru
153,social,2026-08-26 03:38:00,"⚠️ Профиль  продавца  внезапно  заблокирован,  прошу проверить. телефон: +7 983 122 7441 / оформлено 27-03-26"
154,web,2026-09-05 11:58:00,"Профиль  продавца  внезапно заблокирован, прошу проверить. e-mail: user_5938@gmail.com | оформлено 2026-06-28 | цена: 124 517 руб."
155,social,2026-08-26 04:10:00,Можно  изменить  город  в уже опубликованном объявлении???? вот страница HTTPS://WWW.ADS-DEMO.RU/SUPPORT/155???FROM=MAIL / дата 03.06.2026
156,web,2026-08-30 07:41:00,Как  поднять  объявление в поиске и сколько это Стоит????? ответьте НА: User_7771@inbox.ru   смотрите www.board-example.ru/page/156
157,email,2026-08-30 03:59:00,"Покупатель  просит  перейти  В  МЕССЕНДЖЕР, это безопасно? оформлено 11.06.2026"
158,web,2026-09-11 08:33:00,Хочу  удалить  старое  ОБЪЯВЛЕНИЕ  но Кнопка удаления не работает. нужно на 14-10-26 | мой номер: 8 924 622 29 35 | E-MAIL: HELP.ME@INBOX.RU
159,chat,2026-08-27 00:52:00,"Объявление заблокировали, хотя я ничего запрещённого не ПУБЛИКОВАЛ. URL= https://www.ads-demo.ru/support/159?????from=mail | нужно на 16-02-27 | тел: 8 941 752 77 32"
160,web,2026-08-26 04:57:00,НЕ загружаются фотографии товара в объявление. email: User_6312@yandex.ru / сумма: 496 РУБЛЕЙ / вот страница https://service-list.ru/item/160
161,mobile_app,2026-09-03 15:56:00,⚠️ Не  загружаются  фотографии  товара  в объявление. списали: 1 385 ₽   оформлено 09/09/2026   звонить: +7 937 831 7630
162,chat,2026-09-15 12:25:00,"Объявление заблокировали, хотя я ничего запрещённого не Публиковал. списали: 2 526 ₽; с 16/09/2026; ответьте На: help.me@gmail.com"
163,chat,2026-09-06 13:40:00,Как  поднять  объявление  в Поиске и сколько Это стоит? ТЕЛ: 89342136790; нужно НА 20/01/2027; URL= www.service-list.ru/page/163
164,web,2026-08-25 15:25:00,Не  могу  изменить цену в опубликованном объявлении. списали: 2 499 рублей | оформлено 03-01-27 | ответьте на: help.me@gmail.com
165,email,2026-08-21 17:44:00,"Объявление  заблокировали,  хотя  я  НИЧЕГО запрещённого не публиковал. мой номер: +7-932-416-73-29 | смотрите https://www.ads-demo.ru/support/165????from=mail | оформлено 08/11/2026 | email: student2026@gmail.com"
166,social,2026-09-03 00:58:00,"Объявление  заблокировали,  ХОТЯ  я ничего запрещённого не публиковал. нужно на 23/07/2026 ***"
167,email,2026-09-09 17:48:00,"📌 Покупатель  просит  перейти в мессенджер, это безопасно? телефон: 8 911 763 57 46 / ПОЧТА: m.smirnova@mail.ru / стоимость: 13 085 ₽"
168,web,2026-08-24 06:03:00,"Профиль продавца внезапно заблокирован, прошу проверить. E-mail: m.smirnova@gmail.com / URL= https://www.service-list.ru/support/168?from=mail"
169,web,2026-09-16 21:26:00,Можно изменить город в уже опубликованном объявлении? сумма: 529 рублей / дата 15-01-27 ???
170,email,2026-08-26 22:59:00,Мне пришло подозрительное сообщение со ссылкой НА ОПЛАТУ. сумма: 13 087 ₽ | тел: +7 991 841 9737
171,web,2026-08-31 07:59:00,Не  загружаются  фотографии  ТОВАРА  в Объявление. звонить: 8 936 882 16 98
172,chat,2026-08-27 00:19:00,КАК поднять объявление В поиске И сколько это стоит? почта: M.smirnova@yandex.ru   звонить: 89561189574   цена: 814 рублей   с 10.09.2026
173,web,2026-08-25 23:02:00,"Покупатель ПЕРЕВЁЛ ДЕНЬГИ, но в приложении Платёж НЕ отображается. Ссылка: http://board-example.ru/order???id=1173   нужно на 17-04-26   цена: 90060р ###"
174,web,2026-09-02 21:32:00,"Объявление ЗАБЛОКИРОВАЛИ, хотя я ничего запрещённого НЕ публиковал. смотрите https://service-list.ru/item/174; нужно на 23/11/2026; телефон: 8 912 158 38 17; стоимость: 199 997 ₽"
175,web,2026-09-13 02:04:00,Как поднять объявление в поиске и СКОЛЬКО это СТОИТ? ССЫЛКА: https://ads-demo.ru/item/175 / СПИСАЛИ: 1 294 рублей
176,web,2026-09-12 14:14:00,"Объявление заблокировали, ХОТЯ я ничего запрещённого НЕ публиковал. нужно на 07/06/2026"
177,chat,2026-09-14 16:56:00,"Покупатель Просит ПЕРЕЙТИ в мессенджер, Это безопасно? URL= https://ads-demo.ru/item/177; списали: 199 940 ₽"
178,social,2026-09-04 08:52:00,💸 Не могу изменить цену в опубликованном объявлении. С 18.04.2026   тел: 8 955 545 51 21   стоимость: 124539р
179,mobile_app,2026-09-02 05:34:00,💸 Не загружаются фотографии товара в объявление. мой номер: +7 990 453 6126 | нужно на 31.07.2026
180,social,2026-08-24 02:31:00,"Объявление заблокировали, хотя я ничего запрещённого не публиковал. с 2026-10-22; цена: 576 ₽"
181,web,2026-08-22 06:44:00,😡 Можно изменить город в уже опубликованном объявлении??? почта: help.me@inbox.ru; оформлено 20/12/2026; URL= www.board-example.ru/page/181 ...
182,web,2026-09-05 16:28:00,"Объявление  заблокировали,  хотя  я ничего запрещённого не публиковал. ответьте на: user_700@yandex.ru; СТОИМОСТЬ: 124 575 ₽; оформлено 02-01-27; мой номер: 8 968 474 57 47"
183,chat,2026-09-07 17:35:00,"Профиль продавца внезапно заблокирован, прошу Проверить. цена: 2 590 РУБЛЕЙ / email: help.me@mail.ru / смотрите https://www.service-list.ru/support/183?from=mail ???"
184,web,2026-08-30 01:11:00,"ПОКУПАТЕЛЬ  просит  перейти в мессенджер, это безопасно? стоимость: 1 352 рублей | Вот страница https://ads-demo.ru/item/184 | e-mail: user_1476@inbox.ru"
185,email,2026-09-07 08:57:00,Можно изменить город в уже опубликованном объявлении?? email: TEST.USER@yandex.ru; звонить: +7-982-406-84-21; нужно НА 2027-01-22
186,mobile_app,2026-08-29 01:34:00,Не  могу  изменить цену в опубликованном объявлении. списали: 2 522 ₽ / почта: ivan.petrov@inbox.ru / Ссылка: https://www.ads-demo.ru/support/186?from=mail
187,mobile_app,2026-09-01 22:46:00,Не загружаются фотографии товара в объявление. e-mail: m.smirnova@inbox.ru | с 16/01/2027 | тел: +7 984 235 9083
188,email,2026-08-27 21:51:00,"ОБЪЯВЛЕНИЕ заблокировали, хотя я ничего запрещённого не публиковал. нужно на 06/01/2027   ВОТ страница www.board-example.ru/page/188"
189,chat,2026-09-13 19:55:00,📌 Можно изменить ГОРОД в уже опубликованном объявлении? телефон: +7 921 770 3559; смотрите http://service-list.ru/order?id=1189; дата 07/06/2026
190,social,2026-09-15 01:13:00,"Покупатель  перевёл  деньги,  но  в приложении ПЛАТЁЖ не отображается. нужно НА 23/06/2026 / ССЫЛКА: https://www.service-list.ru/support/190?from=mail"
191,mobile_app,2026-09-14 07:05:00,📌 Мне  пришло  подозрительное сообщение со ссылкой На оплату. Цена: 1367 RUB / почта: student2026@inbox.ru / звонить: +7 (931) 820-13-44
192,chat,2026-09-16 00:14:00,📌 Как Поднять объявление в Поиске и сколько это стоит? оформлено 02.01.2027
193,web,2026-09-12 18:12:00,"🙂 Покупатель просит перейти в мессенджер, это безопасно?? стоимость: 199 961 руб. / Ссылка: http://ads-demo.ru/order?id=1193 / мой номер: 89003525899"
194,web,2026-08-21 20:52:00,"Покупатель просит перейти в мессенджер, это безопасно?? e-mail: help.me@yandex.ru; стоимость: 6047 RUB !!!"
195,social,2026-08-27 19:29:00,"Покупатель просит перейти в мессенджер, это безопасно? нужно на 20/08/2026; стоимость: 124525р; вот СТРАНИЦА https://www.board-example.ru/support/195?from=mail; ЗВОНИТЬ: +7 (921) 491-58-76"
196,web,2026-08-23 09:54:00,"Покупатель просит ПЕРЕЙТИ в мессенджер, это безопасно? списали: 1357р | почта: Help.me@mail.ru"
197,chat,2026-09-13 11:41:00,КАК поднять объявление в поиске и сколько это стоит? нужно на 12/12/2026 | ССЫЛКА: https://www.board-example.ru/support/197?from=mail
198,chat,2026-09-16 17:47:00,Как  поднять  объявление  в поиске и сколько это стоит? email: m.smirnova@inbox.ru   списали: 801 руб.   тел: 8 947 347 73 17   оформлено 22/02/2027
199,web,2026-09-16 20:25:00,КАК Поднять Объявление в поиске и сколько Это стоит? звонить: +7 979 933 3096
200,social,2026-09-16 14:09:00,Не загружаются фотографии товара в объявление. ответьте на: help.me@mail.ru | Ссылка: https://board-example.ru/item/200 | звонить: +7 968 260 9971
201,social,2026-08-31 11:45:00,Хочу УДАЛИТЬ старое объявление но кнопка удаления не работает. тел: +7 (929) 543-54-32; URL= WWW.ADS-DEMO.RU/PAGE/201; с 2026-11-09; сумма: 547р; email: TEST.USER@inbox.ru
202,email,2026-08-22 00:17:00,Хочу удалить СТАРОЕ ОБЪЯВЛЕНИЕ но кнопка удаления не работает. цена: 1348р / email: user_5040@yandex.ru / смотрите http://service-list.ru/order?id=1202 / телефон: 8 904 282 91 40
203,web,2026-09-14 19:04:00,Не загружаются фотографии товара в объявление. нужно на 2027-02-14; e-mail: student2026@gmail.com
204,social,2026-09-10 19:24:00,💸 Не  могу  изменить цену в опубликованном объявлении. с 28/01/2027   тел: +7-932-336-93-58   почта: ivan.petrov@yandex.ru
205,web,2026-09-09 12:02:00,⚠️ Не могу изменить ЦЕНУ в опубликованном объявлении. тел: +7 976 170 6957 | списали: 13011 RUB
206,email,2026-09-03 01:26:00,"💸 Покупатель  перевёл  деньги,  но В приложении платёж не отображается. нужно на 27/02/2027; Ссылка: http://service-list.ru/order?id=1206"
207,email,2026-09-13 02:46:00,"🙂 Покупатель  просит  перейти  в мессенджер, это безопасно??? сумма: 814 руб. | оформлено 2026-06-23 !!!"
208,web,2026-08-25 16:19:00,"Профиль  ПРОДАВЦА  внезапно  заблокирован,  прошу Проверить. дата 2026-09-18; стоимость: 858р; ответьте на: TEST.USER@inbox.ru ..."
209,email,2026-08-24 19:40:00,"Профиль  продавца  внезапно заблокирован, прошу проверить. телефон: 8 977 711 31 11; стоимость: 1347 RUB; нужно на 18.10.2026; ответьте на: help.me@yandex.ru; ВОТ страница HTTP://SERVICE-LIST.RU/ORDER??ID=1209"
210,email,2026-08-20 08:59:00,Не  могу  изменить цену в опубликованном ОБЪЯВЛЕНИИ. мой номер: +7-993-436-50-47; URL= http://board-example.ru/order?id=1210; почта: help.me@yandex.ru !!!
211,social,2026-08-30 14:22:00,ХОЧУ удалить старое объявление но КНОПКА удаления не работает. email: TEST.USER@YANDEX.RU | тел: 8 936 890 61 33 ???
212,mobile_app,2026-09-03 07:13:00,"😡 Покупатель перевёл деньги, НО в приложении платёж не отображается. тел: 89538658692   нужно на 21-12-26"
213,web,2026-09-15 15:39:00,"Объявление заблокировали, хотя Я ничего запрещённого не публиковал. списали: 2 593 руб."
214,web,2026-08-26 22:27:00,"Покупатель  просит  перейти в мессенджер, это безопасно? email: help.me@inbox.ru | цена: 895 ₽ | нужно на 29.08.2026 ???"
215,chat,2026-09-16 22:07:00,"Покупатель просит перейти в мессенджер, это безопасно? Мой номер: +7 963 805 4533"
216,email,2026-08-27 00:08:00,🔥 Мне Пришло подозрительное сообщение со ссылкой НА оплату. списали: 1 304 ₽
217,social,2026-08-22 12:52:00,Не  могу изменить цену в опубликованном объявлении. мой номер: +7 (934) 303-83-58 / оформлено 08-12-26 / СТОИМОСТЬ: 13 087 Рублей ...
218,mobile_app,2026-08-25 02:49:00,Хочу удалить старое объявление но кнопка удаления не РАБОТАЕТ. оформлено 07.10.2026; мой номер: +7 (903) 934-70-86
219,social,2026-09-05 14:05:00,Мне  пришло подозрительное сообщение со ссылкой на ОПЛАТУ. дата 2026-11-13 | списали: 46048 RUB
220,email,2026-08-21 05:24:00,"Объявление  заблокировали,  хотя  я ничего запрещённого не публиковал. e-mail: m.smirnova@inbox.ru / сумма: 90 017 ₽"
221,social,2026-09-03 16:20:00,Не могу изменить цену в опубликованном объявлении. телефон: +7-947-767-53-45 | почта: m.smirnova@inbox.ru | стоимость: 13052 RUB
222,email,2026-09-08 18:31:00,Можно изменить город в уже опубликованном объявлении?? Стоимость: 1 378 Рублей   телефон: 8 925 598 97 97   ответьте на: TEST.USER@inbox.ru
223,chat,2026-08-27 20:46:00,"🔥 Покупатель перевёл ДЕНЬГИ, но В ПРИЛОЖЕНИИ платёж не отображается. вот страница www.service-list.ru/page/223"
224,web,2026-09-16 09:35:00,"⚠️ Покупатель  перевёл  деньги,  но  в приложении платёж не отображается. URL= HTTP://ADS-DEMO.RU/ORDER?ID=1224   email: Student2026@mail.ru   мой номер: +7-991-852-31-92   нужно на 19.05.2026 !!!"
225,chat,2026-09-12 22:16:00,"Покупатель ПЕРЕВЁЛ деньги, но в приложении платёж НЕ отображается. Списали: 12995 RUB   вот страница http://board-example.ru/order????id=1225"
226,email,2026-08-21 11:50:00,"Покупатель перевёл деньги, но в ПРИЛОЖЕНИИ платёж не отображается. мой номер: +7 (926) 532-27-80 / дата 2026-11-07"
227,chat,2026-09-15 00:21:00,Мне пришло подозрительное сообщение со ссылкой на оплату. нужно на 2026-04-10   e-mail: m.smirnova@yandex.ru   звонить: 89046806719
228,mobile_app,2026-09-14 16:57:00,📌 Мне пришло подозрительное сообщение со ссылкой На оплату. мой номер: 8 916 771 27 81   стоимость: 1 327 ₽   Url= https://board-example.ru/item/228
229,web,2026-08-20 05:12:00,"Объявление  заблокировали, хотя я ничего запрещённого не публиковал. дата 2027-02-08 / звонить: +7 931 312 6751 / смотрите www.board-example.ru/page/229 !!!"
230,chat,2026-08-30 21:00:00,"⚠️ ОБЪЯВЛЕНИЕ заблокировали, хотя я ничего запрещённого не публиковал. Цена: 199 900 ₽   почта: m.smirnova@gmail.com   URL= http://board-example.ru/order?id=1230"
231,web,2026-09-12 17:45:00,"Профиль продавца внезапно заблокирован, прошу проверить. стоимость: 13 029 рублей"
232,email,2026-09-07 22:27:00,"Объявление заблокировали, ХОТЯ я ничего запрещённого не публиковал. ответьте на: m.smirnova@inbox.ru / тел: +7 901 575 9877"
233,mobile_app,2026-08-31 20:11:00,Мне  пришло  подозрительное  сообщение  со ссылкой на оплату. сумма: 6017 RUB; оформлено 26-07-26; вот страница http://board-example.ru/order??id=1233; мой номер: +7 947 880 3477
234,web,2026-09-09 02:58:00,"Покупатель просит перейти в мессенджер, это безопасно? стоимость: 885р; оформлено 10.04.2026; телефон: 89321157318 ..."
235,chat,2026-09-11 22:10:00,Хочу удалить старое объявление НО КНОПКА удаления не работает. стоимость: 5991 RUB / нужно на 06.10.2026
236,email,2026-09-07 18:49:00,"Покупатель просит перейти в мессенджер, это Безопасно? почта: student2026@yandex.ru"
237,social,2026-09-12 08:12:00,Не загружаются фотографии Товара в объявление. оформлено 08-08-26 | e-mail: ivan.petrov@mail.ru | тел: +7 (961) 223-40-86
238,web,2026-08-26 00:56:00,😡 Хочу удалить старое объявление но кнопка удаления не работает. мой номер: 89967187225 | e-mail: ivan.petrov@yandex.ru | нужно на 2026-05-30 | сумма: 90087 RUB | СМОТРИТЕ https://board-example.ru/item/238 !!!
239,mobile_app,2026-09-02 20:12:00,⚠️ Как поднять объявление в поиске и сколько это стоит????? сумма: 812р; с 17.12.2026
240,mobile_app,2026-08-30 05:32:00,Не  загружаются  фотографии  товара  в объявление. СУММА: 124 520 ₽; смотрите https://service-list.ru/item/240; телефон: +7 (914) 774-60-40
241,social,2026-08-23 08:39:00,"Покупатель перевёл деньги, но в приложении платёж не ОТОБРАЖАЕТСЯ. цена: 13 012 ₽ / смотрите www.board-example.ru/page/241 / почта: user_9506@gmail.com"
242,email,2026-08-26 17:57:00,"Профиль продавца внезапно заблокирован, прошу проверить. Стоимость: 836 RUB | телефон: +7 931 310 1110 | с 21/04/2026 ###"
243,email,2026-09-04 20:20:00,🔥 Хочу  удалить старое объявление но кнопка удаления не работает. стоимость: 13042 RUB / Ссылка: www.board-example.ru/page/243 / e-mail: TEST.USER@inbox.ru
244,web,2026-08-27 20:42:00,"Покупатель просит ПЕРЕЙТИ в мессенджер, это безопасно????? URL= https://service-list.ru/item/244   ДАТА 16/01/2027"
245,email,2026-08-31 22:18:00,"😡 Покупатель просит перейти в мессенджер, это безопасно? сумма: 5996 RUB"
246,chat,2026-08-27 17:59:00,🙂 Можно  изменить  город  в  уже опубликованном ОБЪЯВЛЕНИИ?? Ссылка: Http://board-example.ru/order?id=1246
247,email,2026-08-23 19:07:00,🙂 Мне пришло подозрительное сообщение со ссылкой на оплату. мой номер: 89991689337 / email: m.smirnova@gmail.com
248,mobile_app,2026-09-15 10:51:00,"📌 Покупатель Перевёл деньги, но в приложении платёж НЕ отображается. списали: 90024 RUB; ответьте на: ivan.petrov@gmail.com; нужно на 2026-10-11"
249,email,2026-09-06 00:54:00,"😡 Профиль продавца внезапно заблокирован, прошу проверить. цена: 124 507 РУБ. | звонить: +7 914 954 9780"
250,chat,2026-08-23 07:17:00,"Профиль  продавца  Внезапно  заблокирован, прошу проверить. оформлено 20-05-26 ..."
251,social,2026-08-20 14:18:00,"Профиль продавца внезапно заблокирован, Прошу проверить. телефон: 8 900 488 16 84; списали: 6 034 рублей; нужно на 12.10.2026; e-mail: m.smirnova@yandex.ru"
252,email,2026-09-05 22:05:00,Можно изменить город в уже опубликованном ОБЪЯВЛЕНИИ??? тел: +7 (994) 558-82-55   e-mail: help.me@inbox.ru   НУЖНО на 08.01.2027   стоимость: 46 064 рублей ???
253,email,2026-08-20 10:41:00,"Объявление  заблокировали, хотя Я ничего запрещённого не публиковал. мой номер: +7 937 549 7213 ###"
254,mobile_app,2026-08-23 05:51:00,"Объявление  ЗАБЛОКИРОВАЛИ,  хотя  я ничего запрещённого не публиковал. почта: student2026@mail.ru | цена: 2524р | звонить: +7 (968) 749-84-23 | оформлено 29.05.2026"
255,web,2026-08-25 05:18:00,Не могу ИЗМЕНИТЬ цену в опубликованном объявлении. оформлено 2026-11-20   сумма: 1 316 рублей ###
256,mobile_app,2026-08-29 04:01:00,"ПРОФИЛЬ продавца внезапно заблокирован, прошу проверить. смотрите https://www.ads-demo.ru/support/256?from=mail / с 14/05/2026"
257,email,2026-08-21 01:42:00,"Объявление заблокировали, хотя я ничего запрещённого не публиковал. телефон: +7 959 605 5517   Стоимость: 6003р"
258,social,2026-08-29 08:52:00,"😡 Покупатель перевёл деньги, но в приложении платёж не Отображается. оформлено 24/04/2026; телефон: +7-984-312-71-16; ответьте на: ivan.petrov@yandex.ru; Вот страница https://board-example.ru/item/258; Стоимость: 6061р"
259,chat,2026-08-27 06:01:00,"Профиль продавца внезапно заблокирован, прошу проверить. стоимость: 124592р / смотрите http://board-example.ru/order?id=1259"
260,web,2026-08-31 04:58:00,Мне пришло подозрительное сообщение со ссылкой НА оплату. сумма: 574 рублей | тел: +7-912-436-96-16 | вот страница https://service-list.ru/item/260
261,mobile_app,2026-09-07 18:11:00,Хочу удалить старое объявление но кнопка удаления не работает. НУЖНО на 01-06-26 / Ссылка: http://board-example.ru/order?????id=1261
262,email,2026-08-29 23:41:00,Мне  пришло  подозрительное  сообщение  со ссылкой на оплату. стоимость: 2 552 ₽   оформлено 29/04/2026   ССЫЛКА: http://service-list.ru/order?id=1262
263,social,2026-09-02 02:31:00,"Объявление заблокировали, хотя Я ничего ЗАПРЕЩЁННОГО не публиковал. Ссылка: https://board-example.ru/item/263 / стоимость: 124581 RUB"
264,chat,2026-09-02 23:23:00,Мне  ПРИШЛО  Подозрительное  сообщение  со ссылкой на оплату. списали: 46023 RUB | мой номер: +7-946-996-52-53 | нужно на 28.06.2026
265,web,2026-08-24 01:12:00,"🔥 Покупатель просит перейти в мессенджер, это безопасно? вот Страница https://ads-demo.ru/item/265   телефон: 89212795773   e-mail: help.me@inbox.ru"
266,chat,2026-09-08 16:32:00,"😡 Профиль продавца внезапно заблокирован, прошу проверить. ССЫЛКА: HTTPS://SERVICE-LIST.RU/ITEM/266 / цена: 2 506 ₽"
267,email,2026-09-11 17:17:00,"Покупатель просит перейти в мессенджер, это безопасно? с 04.02.2027; сумма: 1305 RUB"
268,social,2026-08-22 09:00:00,МОЖНО изменить ГОРОД в уже опубликованном объявлении? почта: TEST.USER@inbox.ru
269,social,2026-09-13 19:32:00,"📌 Покупатель  просит  перейти  в  Мессенджер, это безопасно???? ОТВЕТЬТЕ на: m.smirnova@yandex.ru; оформлено 2026-06-30; мой номер: 8 970 927 90 62"
270,social,2026-09-11 07:59:00,🔥 Как  поднять  объявление в поиске и сколько это стоит???? ответьте на: TEST.USER@gmail.com | цена: 13057 RUB | ТЕЛ: +7 (976) 258-76-77
271,mobile_app,2026-09-14 05:05:00,Не  загружаются  фотографии  товара в объявление. цена: 124 595 ₽ | e-mail: HELP.ME@GMAIL.COM | дата 09-06-26 !!!
272,email,2026-08-20 16:06:00,"Покупатель перевёл деньги, но в приложении платёж не отображается. URL= https://www.board-example.ru/support/272??from=mail; нужно на 2026-09-17 ###"
273,mobile_app,2026-08-23 04:42:00,"💸 Покупатель ПРОСИТ перейти в мессенджер, это Безопасно???? звонить: +7 (971) 828-33-41 | дата 2027-02-21 !!!"
274,chat,2026-09-05 06:37:00,🙂 Как  поднять  объявление  в  поиске и СКОЛЬКО это стоит? с 24-02-27 | email: User_9486@inbox.ru | сумма: 90 033 РУБЛЕЙ
275,chat,2026-08-30 09:52:00,Мне пришло ПОДОЗРИТЕЛЬНОЕ сообщение со ссылкой НА оплату. тел: +7 917 828 7992   вот страница www.board-example.ru/page/275   Цена: 199 900 рублей !!!
276,email,2026-09-08 23:55:00,Не могу изменить цену в опубликованном объявлении. почта: help.me@inbox.ru; списали: 90 059 ₽; URL= https://www.ads-demo.ru/support/276?from=mail; мой номер: +7 916 282 2567
277,chat,2026-08-28 14:32:00,Как  поднять  объявление  в  поиске и сколько это СТОИТ? Ссылка: http://service-list.ru/order?id=1277; тел: +7 945 165 7792; дата 2026-10-19
278,web,2026-08-29 06:54:00,"Покупатель просит перейти в МЕССЕНДЖЕР, это безопасно? почта: M.smirnova@inbox.ru   оформлено 08/04/2026 ???"
279,web,2026-09-16 01:30:00,Мне пришло подозрительное сообщение со ссылкой на Оплату. смотрите http://ads-demo.ru/order?id=1279
280,email,2026-09-04 13:14:00,"Покупатель перевёл ДЕНЬГИ, НО в приложении платёж не отображается. Списали: 1 315 ₽ / Ссылка: https://www.board-example.ru/support/280??from=mail"
281,web,2026-08-29 05:22:00,"Объявление заблокировали, ХОТЯ я ничего запрещённого не публиковал. СТОИМОСТЬ: 90 010 ₽ / Ссылка: HTTPS://SERVICE-LIST.RU/ITEM/281 / с 22-05-26"
282,chat,2026-09-02 14:42:00,"Объявление заблокировали, хотя я ничего Запрещённого Не публиковал. сумма: 90 019 ₽   тел: +7 921 375 9615   нужно на 2026-12-14"
283,social,2026-09-16 15:47:00,"Объявление ЗАБЛОКИРОВАЛИ, хотя я ничего запрещённого не публиковал. списали: 2511р | мой номер: +7-933-428-10-50 | Ссылка: www.service-list.ru/page/283"
284,chat,2026-09-14 06:59:00,"Покупатель перевёл деньги, но в приложении платёж не отображается. мой номер: +7 954 993 5511 / нужно на 29-09-26 / вот страница https://www.board-example.ru/support/284??from=mail / сумма: 6 065 рублей"
285,mobile_app,2026-08-27 03:57:00,"Покупатель перевёл деньги, но в приложении ПЛАТЁЖ не отображается. МОЙ номер: +7 967 635 5773   нужно НА 2027-02-16   сумма: 543 RUB"
286,email,2026-08-31 13:48:00,"📌 Объявление  заблокировали,  хотя  я ничего запрещённого не публиковал. ответьте на: ivan.petrov@yandex.ru; URL= http://ads-demo.ru/order?id=1286; списали: 199 951 руб."
287,social,2026-09-06 19:00:00,⚠️ Можно изменить город в уже опубликованном объявлении? ответьте на: student2026@mail.ru   Смотрите www.board-example.ru/page/287
288,chat,2026-09-01 20:17:00,Не  загружаются  фотографии  товара  в объявление. нужно на 26/09/2026   URL= Https://www.board-example.ru/support/288?from=mail
289,social,2026-08-31 23:17:00,Можно изменить город в уже ОПУБЛИКОВАННОМ объявлении????? сумма: 124 582 рублей; звонить: +7 (980) 589-44-93
290,social,2026-09-12 19:34:00,"Профиль  продавца  внезапно  заблокирован, прошу проверить. звонить: +7 (947) 648-54-61 / стоимость: 551 ₽ / дата 29-05-26 !!!"
291,email,2026-09-16 00:52:00,"🙂 Покупатель просит перейти в мессенджер, это безопасно? с 20.11.2026   тел: 89631024294"
292,mobile_app,2026-08-30 11:20:00,НЕ загружаются фотографии товара в ОБЪЯВЛЕНИЕ. тел: +7 940 414 3886   дата 2026-05-05   ответьте на: TEST.USER@mail.ru
293,email,2026-09-11 17:16:00,ХОЧУ  удалить  старое  Объявление но кнопка удаления не работает. телефон: +7 950 668 3785 / списали: 874 рублей / дата 14-07-26
294,mobile_app,2026-09-12 22:33:00,Хочу  удалить  старое объявление но кнопка удаления не работает. телефон: 89489137171 | Ссылка: www.ads-demo.ru/page/294 | оформлено 06.05.2026 | сумма: 46 024 руб.
295,mobile_app,2026-09-14 18:55:00,Не МОГУ изменить цену в опубликованном объявлении. мой номер: +7 (961) 412-84-28
296,email,2026-08-25 15:46:00,"Объявление  заблокировали,  хотя  я ничего запрещённого не публиковал. Ссылка: http://ads-demo.ru/order?id=1296"
297,social,2026-08-24 06:07:00,Можно Изменить ГОРОД в УЖЕ опубликованном объявлении?? URL= https://www.board-example.ru/support/297?from=mail
298,mobile_app,2026-08-31 03:45:00,Как поднять объявление в поиске и сколько это Стоит????? дата 10/06/2026   звонить: 89076338538   стоимость: 13 050 руб.   URL= https://www.board-example.ru/support/298?from=mail
299,email,2026-09-10 07:43:00,"Покупатель  перевёл  деньги, но в приложении платёж не отображается. списали: 508 Rub; С 20.12.2026; вот страница https://board-example.ru/item/299"
300,email,2026-09-12 17:07:00,Как  поднять объявление в поиске И сколько это Стоит? С 23-03-26 ***
301,social,2026-08-29 16:52:00,"Объявление  заблокировали,  хотя  я НИЧЕГО запрещённого не публиковал. URL= https://ads-demo.ru/item/301   МОЙ номер: 8 918 677 61 30"
302,email,2026-09-01 18:32:00,"🙂 ПОКУПАТЕЛЬ просит перейти в мессенджер, это безопасно??? смотрите https://www.ads-demo.ru/support/302?from=mail / ТЕЛЕФОН: 89209898053 / оформлено 27/02/2027"
303,mobile_app,2026-09-03 02:34:00,🙂 Как поднять объявление в поиске И сколько Это стоит??? Смотрите www.ads-demo.ru/page/303; оформлено 06-01-27; сумма: 90070 RUB; мой номер: 8 965 767 37 79
304,social,2026-09-03 20:46:00,Не  могу  изменить  цену  в ОПУБЛИКОВАННОМ объявлении. телефон: 89114575164; цена: 13 051 рублей; ПОЧТА: m.smirnova@mail.ru
305,email,2026-08-24 15:25:00,Можно изменить город в уже опубликованном Объявлении???? вот страница https://www.service-list.ru/support/305?from=mail; сумма: 850 RUB; e-mail: ivan.petrov@mail.ru
306,chat,2026-09-16 01:35:00,"🙂 Объявление  ЗАБЛОКИРОВАЛИ, хотя я ничего запрещённого не публиковал. ОФОРМЛЕНО 11/04/2026 | списали: 124 569 Рублей | ответьте на: help.me@yandex.ru"
307,chat,2026-09-06 07:07:00,"Покупатель перевёл Деньги, но в приложении ПЛАТЁЖ не отображается. ОФОРМЛЕНО 03/06/2026"
308,web,2026-08-22 12:16:00,"ПРОФИЛЬ  продавца  внезапно  заблокирован,  прошу ПРОВЕРИТЬ."
309,web,2026-09-11 06:25:00,"📌 Покупатель перевёл деньги, Но в приложении ПЛАТЁЖ не отображается. смотрите WWW.SERVICE-LIST.RU/PAGE/309; E-mail: student2026@inbox.ru; стоимость: 124593р"
310,web,2026-09-08 03:32:00,Как поднять объявление в поиске и сколько это СТОИТ? нужно на 23.01.2027 / тел: 8 902 774 39 28
311,social,2026-08-30 01:24:00,Мне пришло подозрительное сообщение со ссылкой на оплату. С 2026-06-12 | звонить: +7-920-490-36-56 | Ссылка: Http://board-example.ru/order?id=1311
312,email,2026-08-25 09:35:00,Можно изменить город в уже Опубликованном объявлении? e-mail: m.smirnova@mail.ru; Ссылка: https://www.service-list.ru/support/312?from=mail; списали: 6011р
313,mobile_app,2026-09-12 20:51:00,"ПОКУПАТЕЛЬ  перевёл  деньги, Но В ПРИЛОЖЕНИИ Платёж не отображается. почта: TEST.USER@inbox.ru | вот СТРАНИЦА http://board-example.ru/order?id=1313 | телефон: +7-923-646-43-86 | нужно на 2027-01-07"
314,chat,2026-08-29 12:19:00,"Объявление ЗАБЛОКИРОВАЛИ, хотя я НИЧЕГО запрещённого не публиковал. Сумма: 46 072 ₽ / почта: user_4234@gmail.com"
315,social,2026-08-27 21:22:00,"Покупатель  перевёл  деньги,  но в приложении платёж не ОТОБРАЖАЕТСЯ. вот страница https://service-list.ru/item/315"
316,chat,2026-08-31 19:11:00,НЕ загружаются Фотографии товара в объявление. ССЫЛКА: HTTP://ADS-DEMO.RU/ORDER?ID=1316; цена: 124 540 руб.; нужно НА 2027-02-18
317,chat,2026-09-06 17:25:00,Как поднять объявление в поиске и сколько Это стоит? ОФОРМЛЕНО 03-08-26 | мой номер: 8 940 761 98 80 | ВОТ страница HTTPS://SERVICE-LIST.RU/ITEM/317 !!!
318,email,2026-08-29 17:09:00,"Объявление заблокировали, хотя я ничего запрещённого не публиковал. Ссылка: www.service-list.ru/page/318 / сумма: 199970 RUB"
319,social,2026-08-21 01:16:00,Как поднять объявление в поиске и сколько это стоит? списали: 199 952 ₽   email: IVAN.PETROV@INBOX.RU   смотрите HTTPS://BOARD-EXAMPLE.RU/ITEM/319
320,email,2026-09-06 06:37:00,"Профиль продавца внезапно заблокирован, прошу проверить. с 23/01/2027 ###"
321,chat,2026-09-02 03:18:00,НЕ  могу  изменить  цену  в опубликованном объявлении. URL= www.service-list.ru/page/321
322,chat,2026-08-31 05:35:00,💸 Не могу изменить ЦЕНУ в опубликованном объявлении. ВОТ Страница https://board-example.ru/item/322   списали: 13 044 рублей   Звонить: +7 (954) 708-50-12
323,social,2026-09-09 05:09:00,Как  ПОДНЯТЬ  ОБЪЯВЛЕНИЕ в поиске и сколько это Стоит? дата 13/10/2026   звонить: +7 967 280 1989
324,web,2026-08-31 13:55:00,💸 Не  могу  изменить  цену в опубликованном объявлении. нужно НА 24.05.2026   почта: help.me@mail.ru   Цена: 508 ₽   звонить: 8 918 248 67 45
325,social,2026-09-15 06:53:00,Хочу удалить старое объявление но кнопка удаления не работает. email: user_6233@yandex.ru / с 16/02/2027 / тел: +7 970 943 7141
326,social,2026-08-29 17:14:00,🙂 Как  ПОДНЯТЬ  объявление  в поиске И сколько это СТОИТ? цена: 2 509 руб.; Ответьте на: student2026@mail.ru; URL= https://board-example.ru/item/326
327,web,2026-08-25 07:05:00,"🔥 Покупатель просит перейти в мессенджер, Это безопасно? Оформлено 2026-05-02   сумма: 46070р   ответьте на: ivan.petrov@gmail.com ???"
328,social,2026-08-25 20:16:00,Мне пришло подозрительное сообщение со ссылкой на оплату. вот страница Https://board-example.ru/item/328   с 2026-07-04   почта: m.smirnova@yandex.ru
329,web,2026-08-29 14:37:00,"Объявление заблокировали, хотя я ничего запрещённого не публиковал. тел: +7-954-766-58-14   смотрите http://service-list.ru/order????id=1329"
330,web,2026-09-14 23:30:00,"Объявление  Заблокировали,  хотя  я ничего запрещённого не публиковал. вот страница https://www.ads-demo.ru/support/330??from=mail / цена: 2596р / с 21.04.2026 ???"
331,social,2026-09-14 18:59:00,Не  загружаются фотографии товара в объявление. оформлено 29-05-26   почта: user_8574@inbox.ru   цена: 506 RUB
332,mobile_app,2026-09-11 20:04:00,"Профиль  ПРОДАВЦА внезапно заблокирован, прошу проверить. стоимость: 6 003 ₽; тел: +7-907-703-88-29; вот страница www.board-example.ru/page/332"
333,mobile_app,2026-08-28 00:36:00,"Покупатель перевёл деньги, но в Приложении платёж не отображается. почта: help.me@mail.ru"
334,mobile_app,2026-08-23 08:00:00,"Покупатель просит ПЕРЕЙТИ в МЕССЕНДЖЕР, это безопасно???? сумма: 1 305 ₽   e-mail: ivan.petrov@yandex.ru   Ссылка: http://service-list.ru/order?id=1334   тел: 8 940 731 80 57 ***"
335,chat,2026-09-09 15:52:00,Хочу удалить старое объявление но кнопка удаления НЕ работает. цена: 5993Р   звонить: +7 981 206 1121
336,email,2026-09-16 15:28:00,Хочу удалить старое объявление но кнопка УДАЛЕНИЯ не работает. URL= https://service-list.ru/item/336 | ответьте на: TEST.USER@inbox.ru | Оформлено 2026-12-09
337,web,2026-09-03 13:42:00,"⚠️ Покупатель перевёл деньги, но в приложении платёж не отображается. ответьте На: ivan.petrov@inbox.ru | звонить: 89573673376"
338,chat,2026-08-21 15:18:00,"Покупатель  перевёл  деньги,  но  в приложении платёж не Отображается. почта: TEST.USER@yandex.ru / списали: 90016р"
339,mobile_app,2026-08-27 22:54:00,"🙂 Профиль ПРОДАВЦА внезапно Заблокирован, прошу проверить. e-mail: ivan.petrov@yandex.ru   списали: 199 905 рублей"
340,email,2026-09-06 13:03:00,Мне  пришло ПОДОЗРИТЕЛЬНОЕ сообщение со ССЫЛКОЙ на оплату. нужно на 2026-05-21   списали: 1 345 ₽   email: TEST.USER@gmail.com
341,chat,2026-09-02 00:20:00,"Покупатель перевёл деньги, но в приложении платёж не отображается."
342,email,2026-08-25 22:22:00,"Покупатель перевёл Деньги, но в ПРИЛОЖЕНИИ платёж не отображается. оформлено 23/09/2026 / телефон: +7 917 360 2873 / Ссылка: http://ads-demo.ru/order???id=1342 / e-mail: TEST.USER@mail.ru"
343,social,2026-09-13 05:04:00,Мне пришло подозрительное сообщение со ссылкой на оплату. мой номер: 89067011332 | оформлено 23/05/2026
344,mobile_app,2026-08-20 15:32:00,😡 Хочу  удалить  СТАРОЕ  объявление но кнопка удаления не работает. e-mail: ivan.petrov@inbox.ru | вот страница HTTP://BOARD-EXAMPLE.RU/ORDER?????ID=1344 | списали: 45998р
345,social,2026-09-04 00:39:00,Не  могу  изменить  цену  в ОПУБЛИКОВАННОМ объявлении. URL= HTTP://BOARD-EXAMPLE.RU/ORDER???ID=1345
346,chat,2026-09-11 16:03:00,Как  поднять объявление в поиске и сколько это стоит????? нужно на 2026-07-07   мой Номер: +7 931 175 1538
347,mobile_app,2026-09-05 13:06:00,Мне пришло подозрительное сообщение СО ссылкой НА оплату. телефон: +7 (927) 507-43-64 | нужно на 2026-11-08 ***
348,web,2026-08-25 11:52:00,"Покупатель перевёл деньги, но в приложении ПЛАТЁЖ не ОТОБРАЖАЕТСЯ. дата 2026-07-30   email: user_6909@inbox.ru   тел: 8 920 352 46 18 ..."
349,web,2026-09-12 20:47:00,"Объявление  заблокировали,  хотя  я  ничего запрещённого не публиковал. почта: user_1996@yandex.ru / ТЕЛЕФОН: +7 (940) 757-13-31 / с 15-08-26"
350,mobile_app,2026-08-29 02:34:00,🙂 Как поднять объявление в поиске и сколько это стоит? звонить: +7 (997) 217-75-39 / стоимость: 569 ₽ / Ссылка: www.board-example.ru/page/350
351,mobile_app,2026-09-10 00:20:00,"😡 Покупатель  просит  перейти в мессенджер, это безопасно????? МОЙ номер: +7 999 500 7660 ***"
352,social,2026-09-05 19:10:00,Не загружаются фотографии Товара в объявление. e-mail: Test.user@yandex.ru / смотрите www.ads-demo.ru/page/352 / с 24/03/2026 / звонить: 89293436490
353,web,2026-09-14 02:49:00,"Объявление заблокировали, ХОТЯ я ничего запрещённого НЕ публиковал. дата 2027-02-04 | смотрите http://ads-demo.ru/order?id=1353 | почта: m.smirnova@yandex.ru | сумма: 90013р"
354,web,2026-08-24 22:20:00,😡 Мне пришло подозрительное СООБЩЕНИЕ со ссылкой на оплату. нужно на 13-02-27; сумма: 6 020 ₽; e-mail: TEST.USER@mail.ru; мой номер: 8 999 421 97 77; URL= https://www.ads-demo.ru/support/354?from=mail !!!
355,mobile_app,2026-09-13 16:49:00,"Покупатель  перевёл  деньги,  но  в приложении платёж НЕ отображается. URL= www.ads-demo.ru/page/355   звонить: +7-995-541-73-67"
356,social,2026-08-23 00:14:00,"Покупатель  ПРОСИТ  ПЕРЕЙТИ  в мессенджер, это безопасно?? вот страница Http://board-example.ru/order??id=1356; СТОИМОСТЬ: 2521 RUB; тел: 89391941795; дата 2026-06-06; почта: student2026@gmail.com"
357,web,2026-08-28 11:48:00,"Объявление  заблокировали,  хотя я ничего запрещённого не публиковал. ответьте на: TEST.USER@inbox.ru ###"
358,chat,2026-08-21 08:30:00,Мне пришло подозрительное сообщение со ссылкой на оплату. смотрите http://board-example.ru/order?id=1358
359,mobile_app,2026-09-11 02:05:00,🔥 Можно  изменить  ГОРОД  в уже опубликованном объявлении? сумма: 838 ₽ / смотрите www.ads-demo.ru/page/359 / оформлено 10.06.2026 ???
360,email,2026-08-24 17:28:00,Как поднять ОБЪЯВЛЕНИЕ В поиске и сколько это стоит????? стоимость: 897р; Ссылка: HTTP://ADS-DEMO.RU/ORDER?ID=1360
361,mobile_app,2026-09-14 02:39:00,Не могу изменить ЦЕНУ в опубликованном объявлении. списали: 90060 RUB   Ссылка: https://www.board-example.ru/support/361?from=mail
362,web,2026-09-01 22:06:00,"Профиль  продавца  внезапно  заблокирован, прошу проверить. URL= https://www.board-example.ru/support/362?from=mail / сумма: 531 руб. / мой номер: +7 923 531 2769"
363,social,2026-09-04 15:44:00,Хочу удалить старое объявление НО кнопка УДАЛЕНИЯ не работает. URL= www.board-example.ru/page/363; нужно на 2026-09-02; e-mail: user_6756@yandex.ru
364,email,2026-09-10 02:21:00,НЕ ЗАГРУЖАЮТСЯ фотографии ТОВАРА в объявление. с 30.10.2026   ССЫЛКА: http://ads-demo.ru/order?id=1364   стоимость: 45997р
365,chat,2026-09-10 10:52:00,🙂 Не могу изменить цену в опубликованном объявлении. e-mail: m.smirnova@inbox.ru   Списали: 90 072 РУБ.   с 2026-04-04
366,social,2026-09-08 00:08:00,Хочу УДАЛИТЬ старое объявление но кнопка Удаления не работает. вот страница https://board-example.ru/item/366 / почта: ivan.petrov@mail.ru / цена: 491 рублей / тел: 8 937 760 66 45 / дата 17-06-26
367,web,2026-09-01 02:04:00,Можно изменить город в уже опубликованном объявлении? нужно на 04.11.2026 | ПОЧТА: m.smirnova@inbox.ru
368,mobile_app,2026-09-13 21:55:00,"Покупатель  перевёл Деньги, но в приложении платёж не отображается. стоимость: 551р; тел: +7 921 368 5850; НУЖНО на 2026-04-27"
369,mobile_app,2026-09-09 23:52:00,"Покупатель  Просит  перейти  в  мессенджер, это безопасно?? телефон: +7 931 917 4183; ЦЕНА: 13 074 руб.; email: m.smirnova@gmail.com ###"
370,mobile_app,2026-09-15 16:46:00,Можно изменить город В уже опубликованном объявлении???? тел: 89594346084; email: ivan.petrov@yandex.ru
371,web,2026-09-08 10:21:00,Как  поднять ОБЪЯВЛЕНИЕ в ПОИСКЕ и сколько это стоит? ТЕЛ: +7 (947) 265-26-81   стоимость: 199957 RUB   email: ivan.petrov@mail.ru   нужно на 08-11-26
372,email,2026-09-15 01:30:00,МНЕ пришло ПОДОЗРИТЕЛЬНОЕ сообщение СО Ссылкой на оплату. мой номер: +7-901-293-98-71   email: student2026@yandex.ru   дата 01.07.2026
373,mobile_app,2026-09-03 09:08:00,⚠️ Как Поднять объявление в поиске и сколько это стоит??? с 2026-07-30   смотрите https://www.ads-demo.ru/support/373?from=mail
374,web,2026-09-01 01:29:00,"ПРОФИЛЬ продавца Внезапно заблокирован, ПРОШУ проверить. СУММА: 90038 RUB"
375,web,2026-08-20 02:01:00,Можно изменить город в уже ОПУБЛИКОВАННОМ объявлении? телефон: 89288183624 | нужно на 10/03/2026 | СПИСАЛИ: 90008р
376,social,2026-09-01 21:15:00,Не загружаются фотографии товара в Объявление. URL= Www.ads-demo.ru/page/376
377,web,2026-09-10 11:37:00,"Покупатель перевёл деньги, но в ПРИЛОЖЕНИИ платёж не отображается. вот страница https://ads-demo.ru/item/377   мой номер: +7-963-879-53-93   сумма: 124 550 руб."
378,social,2026-09-07 05:08:00,МНЕ  пришло  подозрительное сообщение Со ссылкой На оплату. почта: help.me@yandex.ru; дата 08.09.2026 !!!
379,mobile_app,2026-08-28 02:53:00,"ПОКУПАТЕЛЬ перевёл деньги, но в приложении платёж НЕ отображается. ТЕЛ: +7 (957) 805-66-56; e-mail: m.smirnova@gmail.com"
380,chat,2026-09-02 21:30:00,"💸 Объявление  заблокировали,  Хотя  Я ничего запрещённого не публиковал. списали: 90 057 РУБЛЕЙ   мой номер: 89877307950   дата 06-01-27   e-mail: ivan.petrov@mail.ru"
381,email,2026-09-12 09:39:00,"Покупатель перевёл ДЕНЬГИ, но в приложении платёж не отображается. оформлено 11.10.2026"
382,web,2026-08-26 02:51:00,Не загружаются фотографии товара в объявление. стоимость: 124 590 ₽   ответьте на: TEST.USER@gmail.com
383,social,2026-08-20 04:10:00,🔥 Мне пришло подозрительное СООБЩЕНИЕ со ссылкой НА оплату. МОЙ номер: 89107813618; сумма: 2556р; оформлено 2027-01-24; e-mail: USER_1696@GMAIL.COM
384,social,2026-08-22 09:28:00,📌 ХОЧУ Удалить старое объявление но кнопка удаления не работает. списали: 124537 RUB / звонить: +7 994 675 4679 / с 27/02/2027
385,chat,2026-09-15 07:02:00,"📌 Покупатель  перевёл  деньги,  но в приложении ПЛАТЁЖ не отображается. дата 25.11.2026 | вот страница www.board-example.ru/page/385 ***"
386,email,2026-08-26 04:57:00,"Объявление заблокировали, хотя я ничего запрещённого не публиковал. дата 02.01.2027 | мой номер: +7 (939) 998-78-95 !!!"
387,web,2026-09-06 13:16:00,"🙂 Покупатель  просит  перейти  в мессенджер, это безопасно?? ответьте на: ivan.petrov@gmail.com; телефон: 8 932 396 30 39 ???"
388,mobile_app,2026-09-16 11:19:00,"ПОКУПАТЕЛЬ  просит  перейти  в мессенджер, это безопасно????? Почта: student2026@mail.ru; смотрите HTTPS://BOARD-EXAMPLE.RU/ITEM/388"
389,email,2026-08-25 21:58:00,"⚠️ Профиль  продавца  внезапно  ЗАБЛОКИРОВАН, прошу проверить. списали: 1 304 руб.   ответьте на: ivan.petrov@mail.ru   оформлено 2026-03-14"
390,social,2026-09-05 07:48:00,"🙂 ПОКУПАТЕЛЬ  перевёл  деньги,  но  в приложении платёж не ОТОБРАЖАЕТСЯ. СПИСАЛИ: 1378 RUB   e-mail: student2026@yandex.ru   Вот страница HTTP://SERVICE-LIST.RU/ORDER?ID=1390"
391,mobile_app,2026-09-15 14:07:00,Не могу изменить цену в опубликованном объявлении. смотрите https://ads-demo.ru/item/391   СПИСАЛИ: 817 ₽   дата 2027-01-09   почта: USER_1474@YANDEX.RU ???
392,chat,2026-09-09 23:25:00,"ПОКУПАТЕЛЬ просит перейти в мессенджер, это безопасно? с 2026-11-14   мой номер: 89489164948   стоимость: 124 529 Рублей   вот страница https://www.ads-demo.ru/support/392?from=mail ***"
393,chat,2026-09-08 05:07:00,Как  поднять  объявление  в поиске и сколько это стоит???? звонить: +7-901-339-99-28   email: help.me@mail.ru   стоимость: 199 982 руб. ***
394,social,2026-08-30 03:35:00,⚠️ Можно изменить город в уже опубликованном объявлении??? списали: 124572р / звонить: +7-994-385-67-34 / нужно на 02-11-26
395,social,2026-09-10 08:46:00,Как  поднять  объявление в поиске и сколько это стоит? URL= https://www.service-list.ru/support/395?from=mail | оформлено 10.09.2026 | тел: 8 908 139 88 72
396,chat,2026-08-23 23:26:00,Можно  изменить  город  в уже опубликованном объявлении??? ТЕЛ: +7-910-144-77-28 | дата 2027-02-04 | вот страница https://board-example.ru/item/396
397,web,2026-09-05 10:05:00,"Профиль Продавца внезапно заблокирован, прошу проверить. почта: student2026@yandex.ru   мой номер: +7 (925) 816-59-85   списали: 515 RUB"
398,web,2026-09-02 17:42:00,"Объявление заблокировали, хотя я ничего запрещённого не публиковал. мой номер: +7 919 509 9828   цена: 124599 RUB"
399,email,2026-09-13 13:40:00,"Покупатель  перевёл деньги, но в приложении платёж не отображается. стоимость: 199948р"
400,email,2026-09-16 06:56:00,"ПРОФИЛЬ продавца внезапно заблокирован, прошу проверить. вот страница http://board-example.ru/order?id=1400 | e-mail: m.smirnova@gmail.com ..."
401,chat,2026-09-16 16:51:00,Не загружаются фотографии товара в объявление. email: m.smirnova@inbox.ru | С 31.05.2026
402,chat,2026-08-26 13:47:00,Не могу Изменить ЦЕНУ в опубликованном объявлении. тел: +7 919 675 7033 / ССЫЛКА: https://ads-demo.ru/item/402 / сумма: 90 025 рублей
403,mobile_app,2026-09-07 14:41:00,Можно изменить город в Уже опубликованном объявлении????
404,mobile_app,2026-09-08 00:05:00,"Профиль продавца внезапно заблокирован, прошу проверить. цена: 90 023 рублей"
405,chat,2026-08-23 17:55:00,НЕ загружаются фотографии товара в объявление. e-mail: help.me@yandex.ru | смотрите https://www.board-example.ru/support/405?from=mail | Оформлено 28-10-26 | сумма: 874 руб.
406,email,2026-09-06 15:36:00,НЕ МОГУ изменить цену в опубликованном объявлении. вот страница http://ads-demo.ru/order?id=1406 / e-mail: TEST.USER@mail.ru / нужно НА 18.10.2026 / телефон: +7 981 572 9710
407,mobile_app,2026-08-27 16:44:00,Хочу  УДАЛИТЬ  старое  объявление но кнопка удаления не работает. цена: 6 046 ₽; с 24-08-26; смотрите https://service-list.ru/item/407
408,mobile_app,2026-08-22 09:54:00,"Покупатель  просит  перейти  в  мессенджер, Это безопасно????? с 03-07-26   вот страница Https://www.ads-demo.ru/support/408??from=mail   телефон: +7-978-531-63-63"
409,web,2026-09-01 08:13:00,🙂 Не  загружаются  фотографии товара в объявление. URL= http://board-example.ru/order?id=1409 | оформлено 08-04-26 | ОТВЕТЬТЕ на: user_5974@inbox.ru
410,social,2026-09-16 03:26:00,"💸 Покупатель  просит  перейти в мессенджер, это безопасно??? списали: 545 рублей / email: M.smirnova@mail.ru"
411,mobile_app,2026-09-11 02:40:00,"Покупатель просит перейти в мессенджер, это безопасно? списали: 5 995 ₽; вот страница www.board-example.ru/page/411; дата 02/02/2027"
412,email,2026-08-29 01:49:00,Хочу удалить старое объявление но кнопка удаления не работает. звонить: 89682814250   вот страница www.board-example.ru/page/412   e-mail: help.me@gmail.com
413,mobile_app,2026-08-29 02:28:00,"📌 Объявление заблокировали, хотя я ничего запрещённого не Публиковал. Ответьте на: TEST.USER@mail.ru"
414,email,2026-08-20 23:12:00,😡 Не загружаются фотографии товара в объявление. вот страница Www.board-example.ru/page/414
415,email,2026-08-21 06:31:00,"Покупатель перевёл деньги, но в приложении платёж Не отображается. цена: 1 380 РУБ.; звонить: 89728689244; С 28-11-26"
416,chat,2026-09-11 17:49:00,"ПОКУПАТЕЛЬ перевёл ДЕНЬГИ, но в приложении платёж не отображается. телефон: 89802095371   оформлено 28/09/2026   цена: 2511 RUB   Ссылка: https://ads-demo.ru/item/416"
417,mobile_app,2026-08-26 21:08:00,⚠️ Хочу  удалить старое объявление но кнопка удаления НЕ работает. нужно на 2026-06-09 | Ссылка: https://service-list.ru/item/417 | Цена: 2572 RUB
418,email,2026-08-27 11:22:00,Можно изменить ГОРОД в уже опубликованном объявлении? email: m.smirnova@inbox.ru / с 08-07-26 / стоимость: 1 290 ₽
419,email,2026-09-15 06:42:00,Можно изменить город в уже опубликованном объявлении? мой номер: +7 (931) 811-60-65 | нужно на 2026-08-09 | смотрите http://service-list.ru/order?id=1419 | ОТВЕТЬТЕ на: TEST.USER@gmail.com
420,chat,2026-09-11 23:27:00,"Покупатель  просит  перейти  в мессенджер, ЭТО безопасно? вот страница Https://board-example.ru/item/420"
421,mobile_app,2026-08-29 02:11:00,Не  ЗАГРУЖАЮТСЯ  фотографии товара в Объявление. с 27/07/2026 | звонить: +7 955 558 8971 | сумма: 6 025 руб. | почта: ivan.petrov@gmail.com !!!
422,web,2026-09-12 04:17:00,Как  поднять  Объявление  в Поиске и СКОЛЬКО ЭТО стоит? мой номер: 8 901 946 88 74   вот страница www.service-list.ru/page/422   стоимость: 2 504 ₽   нужно на 11-06-26
423,social,2026-09-01 15:37:00,"Покупатель  перевёл  деньги,  но в приложении платёж не отображается. вот страница http://service-list.ru/order?id=1423"
424,chat,2026-09-11 05:31:00,"💸 Покупатель  Перевёл  ДЕНЬГИ, но В приложении платёж не Отображается. Ссылка: www.board-example.ru/page/424; почта: ivan.petrov@yandex.ru; с 2026-05-29; списали: 2 558 Рублей"
425,chat,2026-09-05 03:52:00,"Покупатель  перевёл  деньги, но в ПРИЛОЖЕНИИ платёж не отображается. списали: 6 041 ₽; Мой номер: 89999565922; нужно на 31-01-27; URL= www.service-list.ru/page/425 ###"
426,web,2026-09-06 03:38:00,"Покупатель  просит перейти в мессенджер, это безопасно???? URL= http://service-list.ru/order??id=1426 | звонить: +7 946 613 4646 | оформлено 16/01/2027"
427,mobile_app,2026-09-01 18:22:00,Не  Загружаются  фотографии товара в объявление. нужно на 10/11/2026   Мой номер: +7 (993) 498-13-26   вот Страница HTTPS://SERVICE-LIST.RU/ITEM/427   стоимость: 882 ₽   e-mail: m.smirnova@mail.ru
428,chat,2026-09-16 03:55:00,"Покупатель перевёл деньги, но в приложении платёж не отображается. СТОИМОСТЬ: 811 ₽ | вот страница https://www.ads-demo.ru/support/428?from=mail | оформлено 03/04/2026 | звонить: 8 964 677 83 82"
429,email,2026-09-15 19:59:00,Мне пришло подозрительное сообщение со ссылкой на оплату. телефон: +7-951-240-63-36   стоимость: 90030 RUB   с 09/03/2026 !!!
430,social,2026-09-03 00:56:00,Хочу Удалить старое объявление но кнопка УДАЛЕНИЯ не работает. URL= https://www.ads-demo.ru/support/430???from=mail   мой номер: 89122553068   ответьте на: HELP.ME@INBOX.RU   нужно на 15.06.2026   стоимость: 1 333 рублей
431,email,2026-09-13 23:58:00,💸 Мне ПРИШЛО подозрительное сообщение со ССЫЛКОЙ на оплату. e-mail: USER_7194@MAIL.RU   звонить: +7 980 644 2812   с 2026-03-08   сумма: 46 072 ₽   Ссылка: https://www.ads-demo.ru/support/431?from=mail
432,chat,2026-09-09 20:04:00,🙂 Как поднять объявление в поиске И сколько это стоит???? e-mail: help.me@mail.ru | звонить: 89074468768 | списали: 517 руб.
433,email,2026-09-16 11:37:00,Не  загружаются  фотографии  товара  в объявление. сумма: 45 998 рублей | смотрите https://www.service-list.ru/support/433????from=mail | тел: 8 945 511 97 44
434,email,2026-08-25 00:03:00,"ПОКУПАТЕЛЬ перевёл деньги, но в приложении платёж не отображается. оформлено 15-03-26   тел: 8 912 941 88 90"
435,social,2026-08-27 17:28:00,"ПРОФИЛЬ Продавца внезапно заблокирован, прошу проверить. Ссылка: https://board-example.ru/item/435; E-MAIL: m.smirnova@mail.ru; телефон: +7 (975) 923-82-70; цена: 199 985 руб."
436,mobile_app,2026-09-15 08:20:00,"⚠️ Покупатель перевёл деньги, НО в приложении платёж не отображается. цена: 2 553 руб.; тел: 89307816637; дата 16-06-26"
437,mobile_app,2026-08-28 01:17:00,"Покупатель  перевёл  деньги,  но  в приложении платёж не отображается. нужно На 2026-12-03; смотрите https://ads-demo.ru/item/437; сумма: 124577р"
438,mobile_app,2026-09-14 01:18:00,"Профиль продавца внезапно заблокирован, прошу проверить. СТОИМОСТЬ: 199 932 ₽ !!!"
439,mobile_app,2026-08-25 09:25:00,💸 Как Поднять Объявление в поиске и сколько это стоит? мой номер: +7-986-105-53-66 | почта: m.smirnova@inbox.ru | НУЖНО на 2027-01-04
440,mobile_app,2026-09-15 23:54:00,Хочу удалить старое объявление но кнопка удаления не работает. мой номер: +7 (913) 608-21-15 | e-mail: ivan.petrov@yandex.ru | стоимость: 839 ₽ | нужно НА 27.09.2026
441,email,2026-08-22 00:07:00,"Объявление  заблокировали,  хотя я ничего запрещённого не публиковал. ТЕЛЕФОН: 8 995 905 86 61 | дата 29/05/2026 | списали: 1 333 ₽"
442,chat,2026-09-03 05:20:00,"⚠️ Покупатель ПЕРЕВЁЛ деньги, но в приложении платёж не отображается. вот страница https://www.ads-demo.ru/support/442?from=mail / списали: 574р"
443,web,2026-08-20 07:08:00,Не загружаются фотографии товара в объявление. URL= www.board-example.ru/page/443; почта: help.me@inbox.ru; сумма: 2 514 руб.
444,social,2026-09-08 00:46:00,Не МОГУ изменить цену в опубликованном объявлении. с 22-03-26 | списали: 856р | тел: +7-980-457-54-26 | e-mail: TEST.USER@mail.ru
445,email,2026-09-10 07:05:00,⚠️ Не  загружаются  фотографии  товара в ОБЪЯВЛЕНИЕ. сумма: 511р   e-mail: TEST.USER@inbox.ru   вот страница http://board-example.ru/order?id=1445
446,chat,2026-09-07 12:03:00,"Объявление  заблокировали,  хотя я ничего запрещённого не ПУБЛИКОВАЛ. почта: student2026@mail.ru; Мой номер: +7 (982) 351-83-65"
447,chat,2026-09-15 08:14:00,💸 Не могу ИЗМЕНИТЬ цену в опубликованном Объявлении. сумма: 891 ₽ / вот Страница https://service-list.ru/item/447 / дата 30-12-26 ###
448,web,2026-09-09 10:16:00,Мне  пришло подозрительное сообщение СО ссылкой на оплату. Цена: 124 589 ₽ | почта: HELP.ME@YANDEX.RU
449,web,2026-09-15 09:04:00,Можно  ИЗМЕНИТЬ  город в уже опубликованном объявлении????? нужно на 17.01.2027 ???
450,mobile_app,2026-08-26 10:07:00,Можно  Изменить  город  в  уже опубликованном объявлении? с 13.10.2026   цена: 6080р   URL= https://www.service-list.ru/support/450?from=mail   мой номер: +7 (965) 393-36-60
